<?xml version="1.0" encoding="UTF-8"?>
<project-private xmlns="http://www.netbeans.org/ns/project-private/1">
    <editor-bookmarks xmlns="http://www.netbeans.org/ns/editor-bookmarks/2" lastBookmarkId="0"/>
    <open-files xmlns="http://www.netbeans.org/ns/projectui-open-files/2">
        <group>
            <file>file:/D:/Projects/Java/Movevement/src/Pathfinding/Graph.java</file>
            <file>file:/D:/Projects/Java/Movevement/src/Seek/KinematicSeek.java</file>
            <file>file:/D:/Projects/Java/Movevement/src/Pathfinding/PathfindingDijkstra.java</file>
            <file>file:/D:/Projects/Java/Movevement/src/Pathfinding/Connection.java</file>
        </group>
    </open-files>
</project-private>
